l,m,C,S
0,0,1.0,0.0
1,0,0.0,0.0
1,1,0.0,0.0
2,0,-0.0010826354045176732,0.0
2,1,-3.4273204425764963e-10,1.904724578441275e-09
2,2,1.5746151931990266e-06,-9.038727448900639e-07
3,0,2.5324100628321035e-06,0.0
3,1,2.193149335574837e-06,2.680870068944021e-07
3,2,3.0904385861444515e-07,-2.1143058450238983e-07
3,3,1.0058350875225648e-07,1.9722155788863846e-07
4,0,1.6198972997940002e-06,0.0
4,1,-5.086434965581277e-07,-4.492653315271349e-07
4,2,7.837453255938255e-08,1.4813500801997918e-07
4,3,5.92150062395651e-08,-1.2009457277215537e-08
4,4,-3.983204132359772e-09,6.524671329580347e-09
5,0,2.2775359264795116e-07,0.0
5,1,-5.3882472707224876e-08,-8.081342937213636e-08
5,2,1.055288414597268e-07,-5.2329764176279015e-08
5,3,-1.492648549117794e-08,-7.100916108289833e-09
5,4,-2.299510837335021e-09,3.878115449968334e-10
5,5,4.304279359114319e-10,-1.6481716032694467e-09
6,0,-5.4066637013524e-07,0.0
6,1,-5.97343018271319e-08,2.085973218101483e-08
6,2,6.052083597137984e-09,-4.6500627997311095e-08
6,3,1.186915594458676e-09,1.8560976349524492e-10
6,4,-3.256407263260843e-10,-1.784568076604391e-09
6,5,-2.156207570572142e-10,-4.3298499904633776e-10
6,6,2.2064773349373526e-12,-5.530526348900743e-11
7,0,3.5055169980952706e-07,0.0
7,1,2.0558856926131303e-07,6.96250303773503e-08
7,2,3.290941373553277e-08,9.262713003178297e-09
7,3,3.5279321083107127e-09,-3.058306584041215e-09
7,4,-5.83957702519358e-10,-2.6344160079271584e-10
7,5,5.831614114317271e-13,6.345169898525324e-12
7,6,-2.4904101091307286e-11,1.0536274992949242e-11
7,7,2.7963986879177146e-14,4.47195812900915e-13
8,0,2.0399304883366445e-07,0.0
8,1,1.5915730492218368e-08,4.047338646773849e-08
8,2,6.57191528182168e-09,5.361762443827856e-09
8,3,-1.9587715519927103e-10,-8.690973155127202e-10
8,4,-3.1893887085807205e-10,9.111230861031548e-11
8,5,-4.65186945161504e-12,1.614568875908367e-11
8,6,-1.8423100054879072e-12,8.62846818507489e-12
8,7,3.429468189764343e-13,3.817587912602007e-13
8,8,-1.5809963004925933e-13,1.5367506651290045e-13
9,0,1.2212790808444734e-07,0.0
9,1,9.236797581085924e-08,1.390572390267082e-08
9,2,1.4833229339249764e-09,-2.195667642049503e-09
9,3,-1.2138592502776965e-09,-5.612789108620935e-10
9,4,-8.014268807130627e-12,1.7031525153786912e-11
9,5,-1.6685435381851605e-12,-5.5271880983718635e-12
9,6,8.290748064012543e-13,2.9440758489545977e-12
9,7,-2.2486379906755506e-13,-1.8472270358939773e-13
9,8,6.149357064030885e-14,-9.823359424285618e-16
9,9,-3.663817681289174e-15,7.463752313680975e-15
10,0,2.443906417880114e-07,0.0
10,1,5.175791303978916e-08,-8.100379827399972e-08
10,2,-5.588502505707107e-09,-3.048731377739558e-09
10,3,-4.0854303015310127e-11,-8.986999325018578e-10
10,4,-4.975044460878346e-11,-4.654296346039119e-11
10,5,-3.059981370716672e-12,-3.142198599045369e-12
10,6,-2.608757290564214e-13,-5.536733587505594e-13
10,7,6.954346486887173e-15,-2.5664116325296114e-15
10,8,4.650238837080522e-15,-1.0505189542033621e-14
10,9,2.329666312537506e-15,-7.05043985014509e-16
10,10,4.1730284588027823e-16,-9.913476782150712e-17
11,0,-2.4347646469684166e-07,0.0
11,1,9.216619995771597e-09,-1.6011720142404408e-08
11,2,1.0413775858117809e-09,-5.125744751668615e-09
11,3,-1.4103753119256583e-10,-6.865004870742758e-10
11,4,-1.597919244011355e-11,-2.6849738350910153e-11
11,5,1.4887786340354989e-12,1.9730426036937416e-12
11,6,-6.162408448915161e-15,1.3501863372636535e-13
11,7,1.9328491183211975e-15,-3.7300281514496675e-14
11,8,-3.0017073100945094e-16,1.169133456070103e-15
11,9,-1.9107848355572843e-16,2.586939369163707e-16
11,10,-4.957324969861335e-17,-1.74797380498847e-17
11,11,9.353136146152282e-18,-1.4094455683062634e-17
12,0,1.8218085717929998e-07,0.0
12,1,-3.0336871131124946e-08,-2.4437697757258145e-08
12,2,6.50852224654639e-10,1.418517776953316e-09
12,3,1.4758536208964128e-10,9.335481465503158e-11
12,4,-2.102356926188989e-11,1.1914262688642383e-12
12,5,8.218801534549174e-13,2.0204371355835224e-13
12,6,7.432050922953151e-15,9.243244901304503e-14
12,7,-4.231207821952968e-15,7.93456292999349e-15
12,8,-5.7491629780482e-16,3.761364690090627e-16
12,9,1.0156763333849908e-16,6.048916266528491e-17
12,10,-1.849170031106817e-18,9.228573011109773e-18
12,11,4.99791024138384e-19,-2.8082560241681553e-19
12,12,-2.1757938362774155e-20,-9.963893082216932e-20
13,0,2.1683168413977675e-07,0.0
13,1,-2.8020741089529063e-08,2.1075185041837678e-08
13,2,2.24565420883412e-09,-2.5453825006258557e-09
13,3,-6.597165305625804e-11,2.9895348621808353e-10
13,4,-8.570160273456762e-13,-2.758218622810119e-12
13,5,1.0764101232067517e-12,1.239691822189062e-12
13,6,-5.241855648774452e-14,-9.38381143669125e-15
13,7,3.810316798630513e-16,-9.254492284113103e-16
13,8,-1.1321938435524732e-16,-1.1101924835820374e-16
13,9,2.659804713226446e-17,4.927355930995815e-17
13,10,4.6020512172639556e-18,-4.124289996525419e-18
13,11,-5.873901831301607e-19,-6.387552853281489e-20
13,12,-5.842508377284869e-20,1.640773565273208e-19
13,13,-2.239451782142605e-20,2.4937557807829983e-20
14,0,-1.2207145356006206e-07,0.0
14,1,-9.865654447200513e-09,1.5167132150117507e-08
14,2,-1.308858412333466e-09,-1.47699104346653e-10
14,3,9.315738068901301e-11,5.024530529807821e-11
14,4,2.904314593402993e-13,-4.108968450705377e-12
14,5,3.8552525553237196e-13,-2.2084303450841754e-13
14,6,-1.8694078464669058e-14,2.4085063419891274e-15
14,7,2.8463504113888106e-15,-2.9754470728704226e-16
14,8,-2.129812477150995e-16,-9.415784406537052e-17
14,9,1.6578762472884993e-17,1.4769183128783284e-17
14,10,1.8378390400027014e-18,-6.126888768193412e-20
14,11,7.411618207906252e-20,-1.849184942718906e-19
14,12,4.538905099176129e-21,-1.6690688802238124e-20
14,13,2.3532419117067788e-21,3.2949900116869025e-21
14,14,-7.153489492867757e-22,-6.642712018239037e-23
15,0,1.2205425359097701e-08,0.0
15,1,4.792645321220274e-09,5.328304342345502e-09
15,2,-6.763892844386109e-10,-9.98285072185634e-10
15,3,1.1504486456315374e-10,3.804243850861253e-11
15,4,-5.729957961079705e-12,9.718335933865662e-13
15,5,1.177289608987862e-13,7.328455399110072e-14
15,6,2.1800682269141645e-14,-2.4200832477987794e-14
15,7,2.813278795666634e-15,2.392862089673745e-16
15,8,-1.1155768499569773e-16,7.708798835995919e-17
15,9,3.56747096503577e-18,1.0190492968357649e-17
15,10,2.2478956728423536e-19,3.2173923575842954e-19
15,11,-2.5059987660419594e-21,3.557602244700674e-20
15,12,-5.991310270072908e-21,2.8848846109870077e-21
15,13,-5.720364582388367e-22,-9.227450674067493e-23
15,14,1.3766313383510853e-23,-6.459930994428295e-23
15,15,-9.207295385503212e-24,-2.272009488594454e-24
16,0,-2.705903278708425e-08,0.0
16,1,1.2898637462907503e-08,1.6424178305328374e-08
16,2,-7.348187821510903e-10,8.403329229044694e-10
16,3,-6.233801565840786e-11,-3.9224835468612293e-11
16,4,4.657068327400684e-12,5.4702626708011566e-12
16,5,-8.703894031461833e-14,-2.4722634449435998e-14
16,6,6.404635011127583e-15,-1.6431682905694764e-14
16,7,-2.4538214014420236e-16,-2.6333681964364317e-16
16,8,-4.391424143898326e-17,1.1198231155331139e-17
16,9,-3.2825145390358504e-18,-5.809135516627404e-18
16,10,-1.2815874348460758e-19,1.2523848857922695e-19
16,11,1.6299475228334792e-20,-2.7295694827477825e-21
16,12,1.4100882205355005e-21,4.847584188026995e-22
16,13,9.21828506111072e-23,7.009900816274478e-24
16,14,-1.3646750503450195e-23,-2.726662205683975e-23
16,15,-1.2918509224943272e-24,-2.9364121596148586e-24
16,16,-6.065637552512626e-25,4.685803755286258e-26
17,0,1.1351527137187224e-07,0.0
17,1,-1.2131502977074267e-08,-1.5163707370242874e-08
17,2,-5.514230494365369e-10,1.8691236447919103e-10
17,3,9.99101270444977e-12,8.050412885467112e-12
17,4,5.98090590437405e-13,2.3401611554204486e-12
17,5,-8.858672904223895e-14,4.385818035250439e-14
17,6,-3.857026754428684e-15,-9.67874445624617e-15
17,7,5.053685304821813e-16,-8.873607133976369e-17
17,8,4.990904831903079e-17,4.650934738761042e-18
17,9,2.9104188974822364e-19,-2.312489423564309e-18
17,10,-2.1606601285427332e-20,1.0460839463546723e-19
17,11,-6.5123744121420765e-21,4.507758923758176e-21
17,12,8.852938718304278e-22,6.305765854893138e-22
17,13,4.154074774718123e-23,5.0674548034675154e-23
17,14,-3.2261371377984166e-24,2.6158033948736354e-24
17,15,1.2773707229605498e-25,1.2094542327068482e-25
17,16,-8.631150300474748e-26,1.022915461125169e-26
17,17,-1.689504367216541e-26,-9.67738353600959e-27
18,0,3.7096500894256196e-08,0.0
18,1,3.3498616899606995e-09,-1.8279399561277842e-08
18,2,3.71468947355399e-10,2.732923199335629e-10
18,3,-6.942539007781777e-12,-8.049934742921867e-12
18,4,4.138382187533029e-12,-5.960358779057012e-14
18,5,2.5232266143271386e-14,1.103600050554155e-13
18,6,3.2452884930251098e-15,-3.1657047986954608e-15
18,7,9.374798490388015e-17,1.030551109176893e-16
18,8,2.488724755452602e-17,3.545004418121571e-18
18,9,-9.71828242678428e-19,1.794244897616546e-18
18,10,1.6314871154181072e-20,-1.3266047080773853e-20
18,11,-1.414341973332431e-21,4.35257251590412e-22
18,12,-4.216226879034584e-22,-2.3471277866985187e-22
18,13,-6.498865021044912e-24,-3.6308465977915585e-23
18,14,-6.814758644830723e-25,-1.0543044120164526e-24
18,15,-2.893815151151974e-25,-1.450208168903789e-25
18,16,7.197293012280016e-27,4.605150929220812e-27
18,17,2.947695712026952e-28,3.703541059265916e-28
18,18,4.218131401433411e-29,-1.5315686715882576e-28
19,0,-2.062806576501016e-08,0.0
19,1,-4.064659004925154e-09,5.407341564018796e-10
19,2,8.328170240180395e-10,-5.5231514007061584e-11
19,3,-9.109907349270412e-12,1.3289548498541326e-12
19,4,9.929816863737114e-13,-5.114728295179827e-13
19,5,3.439289663849174e-14,9.087598457894206e-14
19,6,-8.493238525399768e-16,3.3190459806525174e-15
19,7,5.429852508830575e-17,-8.414194843717833e-17
19,8,1.5982564490697404e-17,-5.343095472043602e-18
19,9,1.0018533154304434e-19,2.2053046427253153e-19
19,10,-6.061555321580077e-20,-1.3560436773216193e-20
19,11,1.7753628713580886e-21,1.1277432147093424e-21
19,12,-1.686964948660858e-23,6.538370384967178e-23
19,13,-3.483953614898255e-24,-1.3177531462533085e-23
19,14,-1.5574360166159675e-25,-4.219043457809688e-25
19,15,-4.4292366148227555e-26,-3.543341948756565e-26
19,16,-4.6277301381294745e-27,-1.5105082118772685e-27
19,17,5.898668636784941e-28,-3.141916835906311e-28
19,18,8.334076659001428e-29,-2.3066995827075455e-29
19,19,-1.0443060891077871e-30,2.007160887027674e-30
20,0,1.3804577191204157e-07,0.0
20,1,2.4601250032439177e-09,3.105836952543325e-09
20,2,4.385464378714854e-10,3.7139335418037113e-10
20,3,-5.046018525113636e-12,4.131829907551475e-11
20,4,2.2454069212934236e-13,-1.1897790387081244e-12
20,5,-2.6623158597123583e-14,-2.1717488719125638e-14
20,6,1.619227053014983e-15,-5.810160374503814e-16
20,7,-1.453549377159372e-16,-4.8299745405584174e-18
20,8,1.828784009166222e-18,7.730493582539252e-19
20,9,3.306860750365148e-19,-1.3492839159106905e-19
20,10,-3.420615746807649e-20,-5.073061494957823e-21
20,11,8.692464923665233e-22,-1.1520569569623306e-21
20,12,-2.2925441539349885e-23,6.428302709580609e-23
20,13,5.980351058539876e-24,1.4756130877081834e-24
20,14,1.629968817540992e-25,-2.033811516173412e-25
20,15,-2.516770727109744e-26,-8.441320064186418e-28
20,16,-9.036785455352977e-28,-2.4980377238176884e-29
20,17,2.692541124010086e-29,-8.210261321230233e-29
20,18,8.5992368281285e-30,-5.025412558708934e-31
20,19,-1.9213050717976059e-31,6.925260627843575e-31
20,20,3.744162277798877e-32,-1.2726653316396375e-31
21,0,4.098246166585065e-08,0.0
21,1,-6.971540763816004e-09,1.2379194789794357e-08
21,2,-1.129873460756699e-10,8.406530438293554e-11
21,3,1.8036217661521798e-11,2.1406207870005926e-11
21,4,-2.2691213735733317e-13,8.43078219110722e-13
21,5,5.505031285737504e-15,2.3175132127365994e-15
21,6,-1.3769812785207386e-15,1.3936500884275888e-18
21,7,-3.278032470668564e-17,1.2502338296196917e-17
21,8,-4.240694023227993e-18,5.288273354719578e-19
21,9,1.9760200943674824e-19,1.1313515823676473e-19
21,10,-7.365643701024227e-21,-7.368873576913313e-22
21,11,2.374277461189785e-22,-1.2252708674308136e-21
21,12,-6.3058251634936486e-24,2.8009936321913215e-23
21,13,-2.0985092278808227e-24,1.5105231176989116e-24
21,14,1.3124818037670553e-25,4.7628308104922846e-26
21,15,7.169618077322876e-27,4.230418157874329e-27
21,16,2.051676869138375e-28,-1.8218802798848746e-28
21,17,-1.483310969311668e-29,-1.465565216895579e-29
21,18,4.210160410734346e-30,-1.7610143501117373e-30
21,19,-3.949598822431567e-31,2.4036743485614084e-31
21,20,-4.321027162379899e-32,2.5523936586204983e-32
21,21,2.0927983126428944e-33,-9.038050192424272e-34
22,0,-7.229595929800627e-08,0.0
22,1,6.613324250133618e-09,-1.6197393770397538e-09
22,2,-4.976231616302095e-10,-2.1879082016649475e-11
22,3,9.530317510259155e-12,8.50329356259296e-12
22,4,-1.3664401595509213e-13,7.078824000646471e-13
22,5,1.6599082959600602e-16,-5.460983556120551e-16
22,6,7.988392892308859e-16,-4.3283813731990014e-16
22,7,6.371746121460052e-17,1.7320634026081947e-17
22,8,-4.041484569553816e-18,6.560535876078582e-19
22,9,5.51713081232521e-20,6.915454508189879e-20
22,10,2.2777626913798132e-21,9.04706276144935e-21
22,11,-9.794427892170102e-23,-3.572477947743772e-22
22,12,2.543622139101379e-24,-8.633260459972301e-24
22,13,-9.646758100920564e-25,1.0969948416012182e-24
22,14,3.3951652096005193e-26,2.60067663997572e-26
22,15,4.6775889732409805e-27,8.553049687090604e-28
22,16,1.255773801915258e-30,-8.113266928942361e-29
22,17,6.23370499956455e-30,-1.0623642490280041e-29
22,18,5.246494675761532e-31,-8.337844022009453e-31
22,19,5.647806095814943e-32,-1.3508927288843208e-32
22,20,-6.003499539478075e-33,7.009180068340118e-33
22,21,-9.771072121101679e-34,9.251233107120846e-34
22,22,-5.864776476615059e-35,1.3586855013399108e-35
23,0,-1.5260147184611666e-07,0.0
23,1,3.786023218340954e-09,6.683148538313919e-09
23,2,-2.532695339053376e-10,-8.069038292061049e-11
23,3,-1.8131016643004627e-11,-1.317494565891943e-11
23,4,-7.734691619519289e-13,2.6871944572640067e-13
23,5,-1.2408836395675327e-15,2.313505843531153e-16
23,6,-7.334702178054017e-16,9.91916337263961e-16
23,7,-1.8754225160288463e-17,-5.2117063563852734e-18
23,8,8.999434249075095e-19,2.2295586223968228e-20
23,9,1.0146596233473973e-20,-7.171070050413733e-20
23,10,4.377847777016364e-21,-5.892772535240011e-22
23,11,1.13999099181087e-22,1.7652069479435494e-22
23,12,9.922402891133127e-24,-7.236321071682403e-24
23,13,-3.5161939672403905e-25,-1.5761750335529569e-25
23,14,1.0952083360986471e-26,-2.3042234966161438e-27
23,15,1.6128037550184978e-27,-3.0570156173636295e-28
23,16,2.8472045824906175e-29,5.338241884899375e-29
23,17,-1.5735225968940815e-30,-3.7250291050350116e-30
23,18,1.5688386925243978e-31,-2.7208541238513393e-31
23,19,-6.93833758268638e-33,1.3503777089291433e-32
23,20,7.701281692800599e-34,-5.2696437574069235e-34
23,21,1.3210932471050896e-34,9.874063812441399e-35
23,22,-1.5933257160200636e-35,4.196456933108444e-36
23,23,3.993431145211184e-37,-1.575803225278379e-36
24,0,-5.1048492152749e-10,0.0
24,1,-1.1034942870769722e-09,-6.194184945681757e-10
24,2,1.586511232078813e-11,2.5045228853205025e-10
24,3,-3.2607546132737354e-12,-6.6015218659527175e-12
24,4,1.6699438704017294e-13,1.4231393361548624e-13
24,5,-8.265029755469475e-15,-2.487919446847937e-14
24,6,1.7616093633231708e-16,6.6166201650287e-17
24,7,-1.2484443106188895e-17,1.0123080421552837e-17
24,8,1.3600711780072318e-18,-3.1850593690512114e-19
24,9,-4.4467840728705036e-20,-6.851825387746711e-20
24,10,1.866454671138449e-21,3.616054942553294e-21
24,11,1.1669116616626083e-22,1.368217715752692e-22
24,12,4.080270810180576e-24,-2.1947268691875455e-24
24,13,-5.094761552116638e-26,4.947627103892063e-26
24,14,-1.6456155148870195e-26,-1.6874573882632402e-27
24,15,2.6534542095338596e-28,-6.662616889305483e-28
24,16,1.859335389020432e-29,5.986353426492848e-30
24,17,-1.4511592768060428e-30,-7.830477857037489e-31
24,18,-2.6177179422671074e-33,-7.303063977588443e-32
24,19,-1.9615603810587555e-33,-3.827444882423452e-33
24,20,-1.6825745547503171e-34,2.570652095376037e-34
24,21,1.2280577107064138e-35,3.13043709982808e-35
24,22,7.541366681562376e-37,-7.428512555594029e-37
24,23,-1.2050991771868402e-37,-1.7170081930540302e-37
24,24,3.5566440699703454e-38,-1.0360134938664392e-38
25,0,2.2895300641838383e-08,0.0
25,1,2.523928650286756e-09,-3.6273842101917573e-09
25,2,3.5352208489465045e-10,1.4545374089338098e-10
25,3,-5.9366573828011335e-12,-8.772982786948202e-12
25,4,2.467238156868659e-13,7.207976571719384e-15
25,5,-1.0679422384094862e-14,-3.990486558988949e-16
25,6,6.321738441108013e-16,6.360254935260292e-18
25,7,1.511221053826024e-17,-1.0432988083154091e-17
25,8,1.3462518330335204e-19,1.1866874842023275e-20
25,9,-8.166083466376235e-20,6.171205363370949e-20
25,10,1.021984767498337e-21,-5.017778718877737e-22
25,11,9.2385700299495e-24,5.045599348198921e-23
25,12,-1.6670932811400244e-24,2.4857101016171286e-24
25,13,7.697128748620368e-26,-1.1260874120453357e-25
25,14,-8.900686010036229e-27,2.9314223747278237e-27
25,15,-9.469254083644811e-29,-1.5786244307301009e-28
25,16,1.3733169019108877e-30,-1.3571332257991376e-29
25,17,-8.39209879888469e-31,-2.0042546035113604e-31
25,18,4.484891324408989e-33,-4.341600560614826e-32
25,19,1.2906134343481298e-33,1.6299811041202977e-33
25,20,-8.077078794544931e-35,-9.742726228705073e-36
25,21,7.132378186531812e-36,5.175710655328584e-36
25,22,-6.877996956064601e-37,1.8783655050264665e-37
25,23,3.480358488674485e-38,-5.123512770140379e-38
25,24,1.7368867321232427e-39,-3.438535889044379e-39
25,25,6.076911515765119e-40,2.8653206416673765e-40
26,0,4.289713806948328e-08,0.0
26,1,-5.569145188198432e-11,-2.5836369477420875e-09
26,2,-2.3294592460980543e-11,1.6895681733614908e-10
26,3,8.409192160422202e-12,2.252011865691145e-12
26,4,4.0430721826820787e-13,-4.286828495035336e-13
26,5,1.0675905496514076e-14,6.348340818068391e-15
26,6,3.0064786283981836e-16,-3.2919778025597093e-16
26,7,-1.934201711704081e-18,5.419742701028743e-18
26,8,1.664073557009808e-19,8.539289118341574e-20
26,9,-2.5013768759735043e-20,1.3605968819460018e-21
26,10,-1.155793531719548e-21,-4.371270753186373e-22
26,11,-1.4684999622414116e-23,5.3169607073613414e-24
26,12,-2.261306395128316e-24,3.0988364137590685e-25
26,13,-9.98375785684594e-28,8.741048843729773e-27
26,14,1.912787518156354e-27,2.0118150347990532e-27
26,15,-1.5023955861198123e-28,9.331928009731843e-29
26,16,8.296786087421268e-31,-3.348406083147725e-30
26,17,-3.028708119388969e-31,1.997484715275916e-31
26,18,-1.6404452125280603e-32,6.209217873466263e-33
26,19,-1.5131861758604483e-34,2.518780417984656e-34
26,20,2.320738039213705e-35,-4.4612654435224955e-35
26,21,-2.0317200900834704e-36,4.3061545340075246e-37
26,22,1.4856864071023774e-37,1.0113885354550808e-37
26,23,1.0468916396850352e-39,1.0965660376897682e-38
26,24,7.53908898936145e-40,1.2341841101938698e-39
26,25,3.1260699240615855e-41,-4.800796779390758e-42
26,26,7.54436721391196e-43,2.3807566015480122e-42
27,0,2.6799168753204965e-08,0.0
27,1,1.0914663203314981e-09,6.054555484261455e-10
27,2,9.169317143340975e-12,-8.562260523170494e-12
27,3,1.79100255351149e-12,5.317339668791756e-12
27,4,-2.974071568335961e-14,1.4985424810542605e-13
27,5,1.0014222782777769e-14,1.027567288071354e-14
27,6,1.2639349482950959e-16,1.6313091494690982e-16
27,7,-1.0598421304686958e-17,-6.574372309090502e-18
27,8,-2.8922895738875055e-19,-3.1533182710752905e-19
27,9,4.219069942142785e-21,1.5506494392768343e-20
27,10,-7.204776229962892e-22,6.760215419650249e-23
27,11,4.691978769790497e-24,-1.980141701716982e-23
27,12,-9.20729527601024e-25,1.7382326814421521e-25
27,13,-1.5673330073577623e-26,-1.602173515769082e-26
27,14,2.194727040207661e-27,1.6917008292465557e-27
27,15,-1.305745427219501e-29,9.00898383357984e-30
27,16,6.934057910992618e-31,8.545809275846588e-31
27,17,5.422047095398896e-32,6.185381773722745e-33
27,18,-1.1967153098944864e-33,4.5505458656603175e-33
27,19,-7.747367511855938e-36,-6.813991159417892e-35
27,20,-1.8614727975501332e-36,5.3592096465338625e-36
27,21,3.9323700093902486e-37,-5.313678125603748e-37
27,22,-2.711778720212845e-38,1.3466602436209893e-38
27,23,-1.567701924519123e-39,-3.4175358732141013e-39
27,24,7.932067553158479e-42,-4.620778833332223e-41
27,25,1.9975566475584315e-41,9.925309558225153e-42
27,26,-1.0947704890072175e-42,-3.8282578288752e-43
27,27,1.7601932190185214e-43,2.3438116344373956e-44
28,0,-7.378106550404265e-08,0.0
28,1,-1.9775368586833914e-09,3.2668407574150837e-09
28,2,-1.9759888159197042e-10,-1.0868806322664289e-10
28,3,1.3461808994828137e-12,4.722476832499049e-12
28,4,-2.3169648422617328e-14,1.8501502686853927e-13
28,5,6.975744136500268e-15,-2.751194946003609e-15
28,6,-9.606660955964114e-17,2.693066317076581e-16
28,7,-1.9426055816168277e-18,4.243459599522388e-18
28,8,-8.380768826225298e-20,-4.797064921518572e-20
28,9,9.316757158894914e-21,-1.2743716558990167e-20
28,10,-3.969998079041067e-22,2.9763607796295757e-22
28,11,-4.997139715849583e-24,-2.5923299363122787e-24
28,12,-4.6896784182413225e-26,5.590371612079689e-25
28,13,4.488334102636525e-27,1.2456101924689692e-26
28,14,-6.830853573583082e-28,-1.081768460630733e-27
28,15,-4.1992740390470843e-29,-7.493030336089443e-30
28,16,-6.649099817026927e-31,-1.9033536018640377e-30
28,17,8.508859700488642e-32,-3.0737080578577565e-32
28,18,1.5644005045844412e-33,-9.146897121041063e-34
28,19,7.933638909609952e-35,3.0489404755326262e-34
28,20,-9.256489895941336e-37,3.954488403468631e-36
28,21,2.082995841194138e-37,2.0333007394136848e-37
28,22,-3.662351856472873e-39,-1.200919760055972e-38
28,23,6.469379894410594e-40,2.505543928564586e-40
28,24,6.442023491422268e-41,-8.086064347113524e-41
28,25,2.9461900881214723e-42,-6.980663190145756e-42
28,26,3.793008302510857e-43,1.2027137573089067e-43
28,27,-2.407117698663169e-44,3.618368225461035e-45
28,28,2.728509887863758e-45,2.675733753022472e-45
29,0,-4.053695942557153e-08,0.0
29,1,1.4835369601510597e-09,-4.9827435696632305e-09
29,2,-2.9756520845402435e-11,-3.052380279387587e-11
29,3,1.6217485271281582e-12,-4.923421324684226e-12
29,4,-3.6861428892731674e-13,3.4841955809108984e-14
29,5,-3.975392544813979e-15,2.966171333750574e-15
29,6,2.0017287699419923e-16,1.7836928716435207e-16
29,7,-2.143528973645531e-18,-1.8809736555363205e-18
29,8,-4.097578310742202e-19,2.004758110530843e-19
29,9,5.71504101013089e-23,1.9952566689266858e-21
29,10,3.649918217912866e-22,1.451515668833714e-24
29,11,-5.993552387107147e-24,6.607995699956932e-24
29,12,-2.7627558660981584e-26,-1.7202464482250455e-25
29,13,-1.9196436515396137e-27,-3.49573250064359e-27
29,14,-1.5556288731475435e-28,-2.386697040995501e-28
29,15,-1.8657423664651382e-29,-1.3869271885218655e-29
29,16,1.2094670738051829e-32,-1.1507383116114993e-30
29,17,-7.316057139796386e-33,-1.5100602165991267e-32
29,18,-4.792264538309143e-34,-3.8084455889321546e-34
29,19,-3.6481684497035877e-35,4.0036538750648043e-35
29,20,-2.1549484327131148e-36,1.535094774399591e-36
29,21,-1.2457615436549908e-37,-6.428396360198206e-38
29,22,7.250965959243013e-39,-7.668734599736203e-40
29,23,-6.203826146037681e-41,7.198303367441138e-41
29,24,5.693237040523106e-43,-4.075538907275626e-42
29,25,6.416402455168161e-43,9.683213301569796e-43
29,26,5.87368088550645e-44,-5.089090107950108e-44
29,27,-4.454887318281708e-45,-4.0755014405385624e-46
29,28,5.144709579587329e-46,-3.0962205253378333e-46
29,29,9.07223519057482e-47,-3.693248230212051e-47
30,0,4.8862522117977825e-08,0.0
30,1,9.886923371209903e-11,3.9372924011264403e-10
30,2,-1.1844513662865132e-10,-1.3951403998860638e-11
30,3,1.53270576738015e-12,-5.372609274236971e-12
30,4,-2.1504002469689817e-14,-4.851063482064209e-14
30,5,-1.1266336903284642e-15,-2.4281640329400105e-15
30,6,-2.2703511171677556e-18,1.1932419627953788e-17
30,7,1.1453928008981482e-18,1.8251924817356817e-18
30,8,7.538097401115886e-20,5.295582715296088e-20
30,9,-4.4343130157183714e-21,-6.47262567083823e-21
30,10,9.324720463996511e-23,-9.453218993945639e-23
30,11,-6.360743696390817e-24,6.919078746754386e-24
30,12,4.031502663588665e-25,-2.53135099581526e-25
30,13,1.16901428280154e-26,2.5248643832153226e-27
30,14,1.4983417436611288e-28,2.5168708464464856e-28
30,15,7.570071377916658e-31,-1.2277953871409329e-30
30,16,-4.645163141747243e-31,1.8214670525663943e-31
30,17,-1.1800705265432775e-32,-1.0073603921849049e-32
30,18,-7.658733666847344e-34,-5.467060833640759e-34
30,19,-3.8572606162483345e-35,7.780102501814013e-36
30,20,-6.3007502110649535e-37,1.6094476438913158e-36
30,21,-6.230134392027268e-38,-2.962044961882886e-38
30,22,-1.2947741613913145e-39,-2.150591986258091e-39
30,23,6.467315346337847e-41,-1.3162413649078148e-40
30,24,-1.688715837069166e-42,-1.5901941808402502e-42
30,25,1.0448854770984926e-43,-5.338231057890789e-43
30,26,2.7510106456558483e-45,2.5469631343571928e-44
30,27,-1.0387917512433835e-45,1.6870829807973215e-45
30,28,-5.934532187773435e-47,-8.245533319804549e-47
30,29,3.693931850389227e-48,1.7602712289440054e-48
30,30,3.1345561554133323e-49,1.0260802328328033e-48
31,0,5.365225644991226e-08,0.0
31,1,2.537824817600595e-09,-6.585083611119691e-09
31,2,7.09238972339892e-11,5.7959953674659556e-11
31,3,-2.3791390819930974e-12,-2.7209532924296825e-12
31,4,1.3125688020964981e-13,-5.964531712802427e-14
31,5,-4.243514080014281e-15,2.0168392914275854e-15
31,6,-1.014110738446859e-18,-3.520554769277796e-18
31,7,-5.826482616660755e-19,-5.188338834129089e-19
31,8,-3.9591041772634843e-20,2.7040253729660492e-20
31,9,3.7722460390725195e-22,2.436881658480983e-21
31,10,6.061553817497475e-23,-6.786757703389474e-23
31,11,9.277765686318179e-25,1.0138102407052798e-23
31,12,9.134061758055947e-27,6.364366416853736e-26
31,13,5.3748800726739616e-27,2.5707846601637213e-27
31,14,-1.559192277653849e-28,6.259946959736315e-29
31,15,2.8778937184016434e-30,-1.6360892067019956e-30
31,16,-1.7364169741852385e-31,1.550782082469406e-31
31,17,-2.769513356686779e-33,6.447098958620811e-33
31,18,-1.8997415650659694e-35,-8.716071138930937e-35
31,19,3.014572108493353e-36,6.718529233369492e-36
31,20,-1.394566701279341e-37,3.2647042705956615e-37
31,21,-2.370372075457449e-38,1.7693082551303893e-38
31,22,-1.0228763692678556e-39,-1.1612713763285016e-39
31,23,3.7827408422944143e-41,2.0193435001967505e-41
31,24,-6.467483612854999e-43,-8.309978193509731e-43
31,25,-1.8792779076383094e-43,-1.991013366987297e-44
31,26,-7.848269029907494e-45,1.0883647785872849e-45
31,27,-4.0793995099671325e-47,3.9582008434573735e-46
31,28,2.3844589747193767e-47,6.644743936176733e-48
31,29,-3.521337629894296e-49,-4.047386302943709e-49
31,30,-1.3004172925280022e-50,-1.2817409783372818e-49
31,31,-1.765933140299764e-50,-3.160983415971024e-51
32,0,-1.935497435008717e-08,0.0
32,1,-2.6679296388289597e-11,1.2558623166391296e-09
32,2,1.2432377693590223e-10,-3.105009157570837e-11
32,3,-1.393976435523409e-13,1.247514813338379e-12
32,4,2.037439672207352e-14,-7.540195063786586e-14
32,5,3.0895051606694475e-15,4.103948510284327e-16
32,6,-1.1200584892934497e-16,-8.403946753741121e-17
32,7,3.2894217365728497e-19,1.3999928259344235e-18
32,8,1.3362343900471284e-19,7.24153597930445e-20
32,9,1.7359081095839816e-21,-4.7059449363513e-22
32,10,-1.4454927275480956e-23,-5.089048207547445e-23
32,11,-1.1696650461045782e-24,2.6237608164657282e-24
32,12,-1.8631540493350992e-25,1.4988838387124159e-25
32,13,1.5045301029425143e-27,1.7370361146333256e-27
32,14,-6.803887396894916e-29,2.4115513176597644e-29
32,15,2.045625557637023e-30,-3.559470789294547e-30
32,16,5.533158771458409e-32,5.733215160426342e-32
32,17,-3.440196740667129e-33,5.331519664919105e-33
32,18,2.5141546840472925e-34,-3.411060249321506e-35
32,19,5.061723113222232e-37,-2.075552124008888e-36
32,20,8.239633816826218e-38,-3.708289998357473e-39
32,21,-2.624794023303181e-39,1.28868779180839e-38
32,22,-5.549862224673157e-40,-1.0686756156111595e-40
32,23,1.4776999560181053e-41,-4.828570869237498e-42
32,24,-3.218957175861455e-43,1.2403563553171035e-44
32,25,-7.775629012396544e-44,-2.334045470523404e-44
32,26,1.0705277487977845e-45,-7.64512078694243e-46
32,27,-5.362506637342813e-47,-7.106365532224328e-47
32,28,9.678052533408217e-49,-3.4907197153536316e-48
32,29,1.4689367761647026e-49,1.1743630515656597e-49
32,30,-1.9886163341976053e-50,3.844929850951235e-51
32,31,-1.5599490209903226e-51,-7.457028857957043e-53
32,32,1.1142383317872903e-52,4.0446184488514263e-53
33,0,-2.9748016670417404e-08,0.0
33,1,-6.051922254525384e-10,-1.3444470747106211e-09
33,2,-6.25398942894876e-11,2.3995154681140404e-11
33,3,-1.2094283114720782e-13,1.903450078891938e-12
33,4,-5.943814736535023e-14,4.720970003837203e-14
33,5,-9.084789926646703e-17,1.1955126938066206e-15
33,6,4.349251266919814e-18,-2.1999650752335248e-17
33,7,-9.613599491826088e-19,1.8988761932682456e-19
33,8,-3.153769326472631e-20,1.1888400761892263e-19
33,9,1.274937406775475e-21,2.672648739579102e-21
33,10,-1.2169397111255026e-23,8.673009083092654e-24
33,11,4.881176436461455e-25,-1.5903979173289386e-24
33,12,-7.575711284188101e-27,7.333108966545399e-26
33,13,5.013155707504977e-28,7.241189860800378e-28
33,14,3.87595104674064e-29,4.484964130800982e-29
33,15,-1.2131812825908423e-30,-9.129917042870093e-31
33,16,5.98301920635194e-32,4.963173105327842e-32
33,17,-1.5744063598688698e-33,3.749133496679617e-33
33,18,-1.0886450966161994e-34,-3.1304896001315476e-35
33,19,3.0479926071385294e-36,8.6805022902475e-37
33,20,-4.954646112215375e-38,-1.1809603811734146e-37
33,21,4.272569881956227e-40,1.2549666999643767e-40
33,22,-1.930668516771852e-40,-3.149412135073402e-40
33,23,-2.846721779728837e-43,-8.702540798369005e-42
33,24,3.846928884634588e-43,-3.1695441824015018e-43
33,25,7.711854010898397e-45,-1.6105319872485903e-44
33,26,7.19574322953371e-46,3.190906609654423e-46
33,27,-3.3609944534649267e-48,3.6471249508294485e-48
33,28,2.7228551800558645e-49,-1.3971406545947471e-49
33,29,-1.6617221749771213e-49,5.575663728169841e-50
33,30,-1.0301668992064406e-51,-1.1735369893132029e-50
33,31,1.9548060095619828e-52,3.9405886791119965e-53
33,32,2.520289718290308e-53,-1.894623709501542e-53
33,33,-8.346734692577656e-55,4.1452982792871324e-54
34,0,-7.42216931459967e-08,0.0
34,1,-1.43173493275208e-10,2.2240827658062975e-09
34,2,6.859674685576616e-11,7.451788976533945e-11
34,3,3.846607200658862e-12,2.4564854804445197e-12
34,4,-6.763512339411659e-14,2.766751923236873e-15
34,5,-1.0624745669225434e-15,6.44984197323031e-16
34,6,-5.267773571714303e-18,4.792499864363658e-17
34,7,4.505340276246956e-19,-1.4648755190579656e-18
34,8,-4.730269455274527e-20,3.879725738476195e-20
34,9,4.077940478384336e-24,-4.102247135817234e-23
34,10,-5.407695473718753e-23,1.0280435964619483e-23
34,11,-2.6988476099137356e-25,-1.4490553278019723e-25
34,12,7.890954651658922e-26,-2.2075786766400014e-26
34,13,-5.588767450551421e-28,2.657204239375452e-28
34,14,-1.357110205992752e-29,5.063774298795569e-29
34,15,7.828490810807233e-32,9.978290905323799e-31
34,16,-1.0754094640307984e-32,-1.1600984690341954e-32
34,17,-7.1280747917783015e-34,4.829099063156326e-34
34,18,-8.196934884268084e-35,-3.2694280068666805e-35
34,19,-6.970479472296623e-37,1.3443202112468166e-36
34,20,2.756425658297641e-38,-7.088407572414925e-38
34,21,-5.069537208131658e-40,-1.7816076384072167e-39
34,22,-3.058228805490258e-41,3.5366865714741986e-41
34,23,-3.694340925098069e-43,-4.537923908386582e-42
34,24,1.173174796763274e-43,5.278318061721782e-44
34,25,5.093384832099559e-45,-6.112781978771651e-45
34,26,9.343560580069593e-47,-3.388623626934121e-46
34,27,1.4870926480224203e-47,-4.650013096005904e-48
34,28,-3.6737207034982358e-50,-1.1216148160379651e-48
34,29,1.9264866488958775e-50,-1.2289819767925704e-50
34,30,-3.350521077549475e-51,-1.4896370866598477e-52
34,31,-4.785296697472089e-53,-1.9796953420121768e-53
34,32,6.361328529387839e-54,1.2932111241718261e-54
34,33,8.622004829601662e-55,2.6432748527603488e-55
34,34,-6.536500277804737e-56,1.2157988656493416e-56
35,0,6.544184106169754e-08,0.0
35,1,-4.211388983740756e-09,-3.3844974464101582e-09
35,2,-1.4267051970370458e-10,6.735887828322999e-11
35,3,4.14344481332879e-13,6.118964483653761e-13
35,4,-1.9299244624608807e-14,8.108290034040366e-14
35,5,-1.7122212914853373e-15,-2.3892356469229993e-15
35,6,3.8041271525602513e-17,5.746210708508315e-17
35,7,-5.626952932234806e-19,4.108254067700946e-19
35,8,7.603448775795689e-21,4.885801332801299e-20
35,9,-2.0609320311784693e-22,-3.267655900671534e-23
35,10,-9.81756002641711e-24,4.6350765746492397e-23
35,11,2.7757067080974376e-25,-4.280783712910777e-25
35,12,3.368702263594313e-26,-2.713034395363187e-26
35,13,-2.2136794213026827e-28,4.612374626720334e-28
35,14,-2.223508732446783e-29,-2.2745923858130328e-29
35,15,-1.5142362933577942e-30,9.256387690583716e-31
35,16,-1.98652569917034e-32,-2.4708053114235154e-32
35,17,1.1951421603583843e-34,-1.0271677110272149e-33
35,18,-1.7943395221885373e-35,-3.7739418125763684e-35
35,19,-1.454127427887827e-37,-3.956915852714985e-37
35,20,4.32644291106574e-39,-1.7480186227452493e-39
35,21,1.669716268824855e-39,-6.421038065379381e-41
35,22,3.040188137487098e-41,2.7772699830754946e-41
35,23,-1.445139456007886e-42,-4.1366723122634356e-43
35,24,1.7849344282620794e-44,3.395222772025737e-44
35,25,1.8121621313814636e-45,4.3410646281441e-46
35,26,-4.453291148585135e-47,4.466901674586393e-47
35,27,4.722472209077029e-48,-5.717120965432335e-48
35,28,1.4135767235828103e-49,-2.877947986542777e-49
35,29,6.717883566736094e-51,2.837740383287862e-51
35,30,-2.0131178200720246e-52,1.310168808753545e-52
35,31,1.9663844971357952e-53,9.041075959716243e-54
35,32,-5.286682373467535e-55,-1.2691191411106848e-54
35,33,6.028247886588564e-56,-3.4091913401590962e-56
35,34,-7.155613732884198e-58,2.5494839656195714e-57
35,35,-6.50865916058626e-58,-5.493348306446938e-58
36,0,-3.122670165157805e-08,0.0
36,1,1.5877820770096332e-11,2.123069840283292e-09
36,2,-3.403398303145067e-11,-2.610510490242329e-11
36,3,-5.289619367945385e-13,-4.496617641643877e-12
36,4,3.3835657957252716e-14,3.526137124404929e-15
36,5,-1.6325507764878474e-15,-4.697819280190326e-17
36,6,5.634972585349068e-17,-1.619038920916673e-17
36,7,6.132685884265146e-19,9.893939997144974e-19
36,8,2.550305194218261e-20,-1.8635923595596913e-20
36,9,1.8593118734065904e-22,-1.1900133982059986e-22
36,10,6.982645377376544e-24,2.093494595354916e-23
36,11,-3.606304268711768e-25,3.7618785932207476e-25
36,12,5.846288966332526e-28,-2.855561878390844e-26
36,13,-6.140577368680182e-28,5.493918686245895e-28
36,14,-2.7200296286473624e-29,-1.2266331725993471e-29
36,15,1.31472099762673e-31,2.7894218581347276e-31
36,16,4.282034464981711e-33,9.225011072550996e-34
36,17,3.4999006315531997e-34,-5.66176873174991e-34
36,18,4.0975401617012314e-36,9.485268195660766e-36
36,19,-3.765652110525898e-37,-4.0756020064518345e-37
36,20,-1.266371731909152e-38,4.960446328920641e-39
36,21,7.607539593552061e-40,-4.26009143896933e-40
36,22,7.3855437086542e-42,2.701759640688851e-42
36,23,6.771321725837148e-45,2.2215879052785373e-43
36,24,4.210666584445513e-45,-1.3494149028751447e-44
36,25,5.195683548247184e-46,1.7335060862604494e-45
36,26,1.6662327117180008e-47,4.0483701593926774e-47
36,27,-1.2465244855742945e-48,1.4753201746061483e-48
36,28,1.4257642300139532e-50,-2.8160357729558803e-50
36,29,4.393840402241194e-52,-4.1266526504421103e-53
36,30,-1.421687668157719e-52,9.125501512363459e-53
36,31,-6.040191400144895e-54,-3.698001928501829e-54
36,32,4.8971403326295445e-55,8.111034384319879e-56
36,33,7.621930246537978e-57,-8.769746713203797e-57
36,34,-1.3994778929816553e-57,6.451761196704138e-58
36,35,2.4169268381104657e-60,-1.6522608951410797e-58
36,36,7.674128239045302e-60,-8.969477418195938e-60
37,0,-4.943563670414732e-08,0.0
37,1,-2.2727545454510694e-09,-4.215428770245915e-10
37,2,-1.888707308716751e-11,-1.0137040463040274e-10
37,3,-1.3546114936989853e-12,-1.8410696451441757e-14
37,4,3.236037609643481e-14,1.3622737970684205e-14
37,5,-1.5589249246565625e-15,3.0495507021354175e-17
37,6,-6.4623545513507984e-18,3.918545621617422e-17
37,7,8.690820157889098e-19,1.048096135039944e-18
37,8,-1.108114832563718e-20,-1.2274069619918951e-20
37,9,3.566347581256908e-22,-1.6025963303249193e-23
37,10,1.1800249235308712e-23,5.305444138819162e-24
37,11,-1.076037816181432e-25,2.865709185238797e-25
37,12,-3.1204564375746855e-27,-9.831048668793449e-27
37,13,-6.064401687694017e-29,-3.9108169336988898e-28
37,14,-6.482298181144538e-30,-2.988598487652566e-31
37,15,4.328253163451817e-31,-3.93023772389604e-32
37,16,4.261462617283812e-33,1.8857056563122427e-32
37,17,2.301445358184958e-34,-1.3282068671599596e-34
37,18,2.629001489731421e-36,3.977614953584821e-36
37,19,-2.3979107283976315e-37,6.064049859441374e-39
37,20,-8.18188196044126e-39,-1.6591556518937377e-39
37,21,4.445550213629451e-41,-4.739634060584927e-41
37,22,7.909740325416816e-42,6.526668094696431e-43
37,23,-4.785496790742041e-44,1.5308407920385059e-43
37,24,-1.1890631294167728e-44,-1.2774163016993925e-44
37,25,3.1912263903728207e-46,-1.3039339522218315e-46
37,26,8.955253918660465e-48,1.9034203406818408e-47
37,27,-3.737128677668415e-49,3.1917943323002596e-49
37,28,3.187236567929792e-50,1.039674039984181e-50
37,29,4.862248477520141e-52,6.496483353194296e-52
37,30,-3.8981435100531595e-53,5.542470136500267e-53
37,31,6.994838229940788e-55,-1.9230452681523448e-54
37,32,-1.0210801712487265e-57,4.390240091909046e-56
37,33,1.3803234864333616e-57,-8.895024396982095e-57
37,34,7.560835910208627e-59,1.6531609179674282e-59
37,35,-2.2620004489521226e-59,-1.9467086077130137e-59
37,36,-7.406323170927183e-61,-8.038977177893868e-61
37,37,1.1865318415611215e-61,-8.699631521294136e-62
38,0,-2.1310942725611373e-08,0.0
38,1,1.641314384824019e-09,1.0133866433785806e-09
38,2,6.28695046139435e-11,-9.96817840785755e-12
38,3,-2.8992484607903855e-13,-1.0280060399305315e-13
38,4,3.553218265725042e-14,-2.6118102903708745e-14
38,5,-1.4484053489244594e-15,1.3784253781521435e-15
38,6,-4.928749952340172e-17,1.1257726018297676e-17
38,7,2.1300826852357845e-19,-1.1142102582488283e-19
38,8,1.0636619573122863e-20,1.6788941604855938e-20
38,9,2.7056549981571618e-22,-2.2166025893971883e-22
38,10,-5.418114038883031e-24,-1.0831587990867373e-23
38,11,9.21041527104811e-26,3.8958344297786976e-25
38,12,-5.439797028054381e-27,-1.0745347837062745e-26
38,13,9.69439419748245e-29,-4.496779178220134e-28
38,14,-8.465842492073283e-30,4.316003392195808e-30
38,15,8.145782404878055e-32,-8.022513873205818e-32
38,16,-5.239059840770543e-33,8.674494912935201e-33
38,17,6.922420679458321e-35,1.075887139533948e-34
38,18,6.593082784265387e-36,-1.1784170821207556e-36
38,19,2.503299437469633e-38,-9.319505198274513e-41
38,20,2.9990247017577336e-39,-1.7827105486588485e-39
38,21,-2.0473422106657497e-41,6.872577573457383e-41
38,22,7.357692545582736e-43,4.7350868453280624e-42
38,23,-3.0662294895114547e-44,1.1691422255626101e-43
38,24,-8.77996917403995e-45,1.0752958309190176e-45
38,25,-8.115052132937901e-47,-6.832497247740407e-47
38,26,-1.5769160929344266e-48,4.116687657202715e-48
38,27,-6.377504896833032e-50,2.457690907721219e-49
38,28,-5.489992617969319e-51,-4.8268266078890664e-51
38,29,2.4071819510642362e-52,1.0794534463109868e-52
38,30,-1.4434388766426047e-55,3.1876610974912126e-54
38,31,2.7093902741486248e-55,-5.9113505946417326e-55
38,32,2.413539398968788e-56,4.438335070683508e-57
38,33,4.618798440519071e-58,2.0884895747106926e-57
38,34,-7.3319036704675155e-59,2.737055555532798e-59
38,35,2.3049627387888412e-60,1.046590056272119e-60
38,36,2.6823327282996065e-62,-3.7752426040544716e-62
38,37,-9.529048488584152e-63,5.684028890379413e-63
38,38,8.032108953715833e-64,-8.080732976916095e-64
39,0,1.150690973267451e-08,0.0
39,1,-1.409987646053789e-09,2.6450643771354872e-09
39,2,2.4712084709741486e-11,5.703970593449439e-11
39,3,-1.0019833636343484e-12,1.240071397431061e-12
39,4,-2.2563933959298557e-14,-2.4444643434846685e-14
39,5,6.140345057684366e-16,3.212774044152791e-16
39,6,-9.124020630932372e-18,8.318261801623501e-18
39,7,2.0591353551571954e-19,-9.561578449681664e-20
39,8,6.223942642246912e-22,2.825621511254804e-20
39,9,4.2314902412541687e-22,3.063247256020555e-22
39,10,4.013777330860198e-24,1.0238635863292449e-24
39,11,4.989708433491094e-25,-8.982211553256728e-26
39,12,-3.584823359759201e-27,8.314446812149015e-27
39,13,-1.408793858797139e-29,-1.8037725909043946e-28
39,14,-2.199973398323106e-30,1.8268813162091062e-30
39,15,-1.1712725048346611e-31,-1.637056184889126e-32
39,16,5.199667436795077e-34,-1.4729085066709725e-33
39,17,-2.2428024358689439e-35,-2.6269586350507163e-35
39,18,8.135375364527632e-37,2.277533727519769e-37
39,19,6.458694238934011e-38,8.256057380456056e-38
39,20,9.364396671248093e-41,-3.3535489411683314e-39
39,21,-4.982978792091632e-41,1.218048036854516e-41
39,22,-2.1190360375687305e-42,-3.3270320319098533e-43
39,23,-2.885750576178142e-44,5.909436856148562e-44
39,24,-3.15527777569788e-45,2.581751658870854e-45
39,25,-5.901525270056651e-47,-5.761464624019439e-47
39,26,-1.2805945393415343e-48,2.6985421506003097e-48
39,27,-9.344276942018095e-50,-3.0168665301127026e-50
39,28,-1.4272692234394387e-51,-4.383579618379407e-51
39,29,-8.904487820869642e-54,-4.717188225485881e-53
39,30,2.5006660205686403e-54,-6.107600256491563e-54
39,31,3.0318177061931634e-56,-2.5860771257916516e-55
39,32,3.1296814554007284e-57,4.230803304063113e-57
39,33,-2.5162516769467415e-58,1.3757527705479755e-58
39,34,-2.9998877107137914e-60,6.812238846612284e-60
39,35,-1.4864134159528952e-60,2.7001152497817204e-61
39,36,2.795363553298632e-62,-2.1608956150694135e-62
39,37,3.571350226215848e-64,-2.0763466369430096e-63
39,38,-3.120348690983892e-65,2.4905852352975813e-64
39,39,-4.481953462445028e-67,7.324941774081399e-66
40,0,-5.598135838043101e-08,0.0
40,1,1.196677205888433e-09,-3.6147570232783085e-10
40,2,-8.712484678709896e-12,3.467106511955674e-12
40,3,-2.2573660618983378e-13,-4.762027151945612e-13
40,4,3.17127351227408e-14,-3.632098543249317e-14
40,5,1.4563506760970028e-15,1.3437402034909283e-16
40,6,-4.343644120870925e-18,9.109906140695157e-18
40,7,-1.5840734110952588e-20,1.1657111512209166e-19
40,8,1.1325768526863455e-20,8.606772685903548e-21
40,9,-1.4455149213149403e-22,4.366561003990468e-23
40,10,-6.176066981134221e-24,4.016311477156648e-24
40,11,1.3585200078581952e-25,-1.0821520305025483e-25
40,12,5.551410276313204e-27,1.0643807688613929e-27
40,13,-6.250614442368144e-29,-1.1809696297609146e-28
40,14,-6.614775878535382e-31,5.991084905940056e-31
40,15,-7.128858683688733e-32,-2.499734837632517e-32
40,16,-5.451709809014448e-34,-1.4477188503318176e-33
40,17,5.538105893707012e-36,1.3653675484414937e-36
40,18,-2.7279477763266262e-37,2.6921082362071097e-37
40,19,-1.5606562939612444e-38,-2.612829658324744e-39
40,20,-1.696474679815879e-39,1.6604932450363013e-39
40,21,-2.1692573169406837e-41,-3.4247136225000765e-42
40,22,-2.464957710961277e-42,-2.8612809730618533e-42
40,23,-1.466282005618448e-46,-6.967266360644737e-44
40,24,6.932905187247545e-46,5.090558495112729e-46
40,25,3.797326533750921e-48,-1.783523835201078e-47
40,26,1.1606596514357449e-48,-7.45476493309823e-49
40,27,-7.197765882314759e-51,1.1654352141305355e-50
40,28,3.995687833931299e-52,1.2215267950164435e-51
40,29,1.3295119258123558e-53,1.6207353919516306e-53
40,30,-1.9945740443489565e-56,2.0940354554526802e-55
40,31,-5.1573648438274425e-56,-9.158944477207806e-57
40,32,-6.247678379930643e-58,-1.8937569111934016e-57
40,33,-1.938324040947236e-59,-1.7906371990804637e-59
40,34,5.0026901580048644e-61,8.998163232408044e-61
40,35,2.0310320169802537e-61,-2.3490599028904263e-61
40,36,5.2456974851268e-63,9.219268630989366e-63
40,37,-4.454355451886868e-64,1.0643047375732849e-64
40,38,2.0072648073107497e-66,2.194277325449837e-65
40,39,2.751507149918312e-66,1.6873864357236541e-66
40,40,-8.472543054195245e-68,2.8680623661873965e-68
41,0,-2.9521885975137635e-08,0.0
41,1,-2.2180531446357366e-09,-1.0226106770151047e-09
41,2,2.7055544430713786e-11,2.5079736874091503e-11
41,3,7.120079191861869e-13,5.685477754392812e-13
41,4,-7.199665382410824e-15,1.6302755712821082e-14
41,5,4.875870025401037e-16,-3.202592832552863e-16
41,6,6.479569067958714e-18,3.878129951891717e-18
41,7,-4.462297302495286e-20,1.6671472642500706e-19
41,8,-2.473724728467263e-21,-6.996312727615617e-21
41,9,-6.36042659271854e-23,1.824481949061373e-22
41,10,5.3731074573221506e-24,1.3914761811634057e-24
41,11,6.020446127513024e-26,-1.344568221181388e-25
41,12,2.7658000359470486e-27,5.040171878703955e-29
41,13,-2.247254131727962e-29,9.492735475084316e-29
41,14,1.5674877621247227e-30,-1.410967560171389e-31
41,15,-9.465596375099454e-33,1.5035070374083258e-32
41,16,-8.786229450489835e-35,-1.1360855174002906e-33
41,17,-1.2851426063518797e-35,1.4690770329630876e-35
41,18,-4.7160639134432436e-37,7.5123099323185576e-37
41,19,-9.696062216902864e-39,-6.268337772634014e-39
41,20,-2.4292342231281657e-40,-8.564176192878068e-41
41,21,-7.89975024595011e-42,-1.0821825150651457e-41
41,22,-1.0239898978995788e-42,-2.4036500670708246e-43
41,23,1.4092761979792484e-45,-4.0461696415868657e-44
41,24,5.4463391525923454e-46,-1.7883240245365763e-46
41,25,3.760558805766549e-49,7.169209536696826e-48
41,26,4.736161062329255e-49,-6.349276174569504e-49
41,27,4.385548662809395e-51,-1.8161215076168084e-51
41,28,-1.3112781755598875e-52,-3.805163365806521e-52
41,29,-1.3019426667545462e-53,1.4967646295970113e-53
41,30,1.8858848253546397e-55,-7.051096679238894e-56
41,31,3.39180239968236e-56,1.7512377317438758e-57
41,32,-2.597941361917734e-58,4.6885875176032034e-58
41,33,-8.831894299698481e-60,4.8369625100927665e-59
41,34,-5.036171888039628e-61,8.944476404176995e-61
41,35,-1.102956313577848e-61,3.2851907172391672e-62
41,36,9.847480798660814e-64,-1.1092351240450715e-63
41,37,1.2009970072819927e-65,-1.910317201210884e-64
41,38,-1.1143055480867116e-65,-1.6200998581001793e-66
41,39,-3.755653725146975e-67,-1.77426883631097e-67
41,40,2.115043763147429e-68,-2.557969292986381e-68
41,41,2.445728310582391e-69,3.422322782865383e-69
42,0,-2.035958988695855e-08,0.0
42,1,-6.977939580786502e-10,-1.1626866979859795e-10
42,2,-2.7562679611952122e-11,-2.0829565601032915e-11
42,3,-6.361003565132858e-15,1.6933927734992933e-12
42,4,2.857997209266428e-14,5.728255398051932e-15
42,5,-9.15985613845594e-16,-3.194695874710917e-16
42,6,7.857546475110367e-18,-2.7508016137021774e-18
42,7,2.1885362820607503e-19,-1.7494994973004925e-19
42,8,9.912464154106562e-22,1.0508108716667787e-21
42,9,-2.1252013822879864e-23,5.0086076567860856e-23
42,10,2.5562821323628623e-24,4.061940012460937e-24
42,11,2.1617961003967974e-26,3.493004181799859e-26
42,12,1.7438925101244378e-27,-4.459414352420177e-27
42,13,7.803020944845836e-30,4.6204975444327944e-29
42,14,-1.9025582195538504e-30,1.4741823151754595e-30
42,15,-7.371908292481187e-33,4.968483211924539e-32
42,16,7.1295410100906735e-34,-4.7900027038940534e-34
42,17,-7.176730748813513e-36,-1.400608181002239e-35
42,18,-1.3678623860907614e-36,2.0710482812927978e-37
42,19,-8.315250472866745e-39,-1.688423740119499e-38
42,20,5.1829918917571565e-40,6.355654452514844e-41
42,21,9.418415321698464e-43,-9.449010898209978e-42
42,22,5.70308506658647e-44,-1.990153935450877e-43
42,23,-6.82558879579325e-45,-7.3707346461245e-45
42,24,2.0850847274520157e-46,5.965569484231061e-47
42,25,-5.2556432605339115e-48,5.558140996504259e-48
42,26,-9.519938129405364e-50,-2.4099686236401056e-49
42,27,7.699712876569219e-51,-2.6613262866553994e-51
42,28,-1.776552426904528e-52,7.637006481805697e-53
42,29,-6.604031589559615e-54,-3.027613033478834e-54
42,30,1.2281139104324331e-55,2.5428830739102207e-56
42,31,7.508215488638905e-57,5.658960054078441e-57
42,32,3.0374930726052476e-58,2.231498114346385e-58
42,33,1.0070980667943022e-59,1.0002031014972706e-59
42,34,1.813410474741042e-61,6.802508987120658e-61
42,35,-1.3389590090082263e-62,4.9228517360663524e-64
42,36,4.813180467382978e-64,-5.606903530098284e-64
42,37,-3.3518923609133795e-65,1.5597516829181798e-65
42,38,5.979851675338434e-67,-3.1158841310037966e-66
42,39,5.717839071472278e-68,1.3066142490287285e-67
42,40,1.2374984453457402e-69,-2.4080659458709665e-69
42,41,3.364059478360233e-71,-2.890253422032828e-72
42,42,-4.650921149027097e-71,2.025528926316265e-71
43,0,6.027342155837835e-08,0.0
43,1,-1.483166489927844e-09,1.271656894734373e-09
43,2,-6.585901587734578e-11,-9.406372345605893e-12
43,3,8.232540472991965e-14,-2.3187888156908166e-14
43,4,6.787262927603408e-15,3.3930428858586537e-15
43,5,-7.601786578549865e-16,5.556521608142815e-16
43,6,1.245193720458364e-17,1.8899186539336826e-19
43,7,-6.672095073080582e-20,2.6720287565270585e-19
43,8,-6.0613659125205785e-22,-3.9031753978109e-22
43,9,-3.6160458421079366e-23,-1.5570808780504048e-22
43,10,-2.109645106597106e-25,8.435499266038173e-25
43,11,-7.412721080003993e-26,7.514023690238512e-26
43,12,-6.426563289902403e-28,1.555143174220035e-28
43,13,1.787691781057701e-29,-1.1576790557023779e-29
43,14,-9.88698135849801e-31,6.634953094768494e-31
43,15,1.845638969597895e-32,3.1851344302913326e-32
43,16,2.795299552146126e-34,9.419147725317659e-35
43,17,1.2912463897394108e-35,-1.2675103657657964e-35
43,18,-2.326377796340454e-37,-2.997263508147822e-37
43,19,-1.0270929220441943e-38,-1.2883782257816805e-38
43,20,-4.1542236991807157e-41,2.3702455051347177e-41
43,21,4.199121109866572e-42,6.698200104664206e-42
43,22,1.8101521763623386e-43,-7.383177474343821e-44
43,23,-6.625634918473398e-48,-5.5368463516994365e-45
43,24,1.1419586159022597e-46,-4.744244260583893e-47
43,25,9.464845947958637e-49,2.1734601120223233e-48
43,26,-7.407123692860513e-50,6.012366894965218e-50
43,27,2.690246392426556e-51,3.882839470024393e-53
43,28,-2.6761170416695995e-53,1.3649679783852406e-52
43,29,-1.2071470983052654e-54,3.697811994519926e-55
43,30,-1.5413671867752548e-55,-1.3671939899093792e-55
43,31,-2.17580009125813e-57,-3.7505724916636726e-58
43,32,-6.412917820166553e-59,9.289945329853265e-59
43,33,2.867106857806619e-60,-5.705700063915542e-61
43,34,6.802161705180972e-62,1.5652809478532398e-62
43,35,-1.5803115010080704e-63,4.0066377813830785e-63
43,36,1.8960535910434645e-65,-1.1803421027322001e-64
43,37,4.5747587344135313e-66,7.239945491891262e-66
43,38,-3.89667580039686e-67,4.89846621225605e-68
43,39,1.4030814399427787e-68,-9.711346155921955e-69
43,40,1.8020108714639006e-69,1.2826093092917505e-70
43,41,-2.0191235422258528e-71,3.192419039294144e-71
43,42,-6.721152033428487e-72,3.1125248582557565e-72
43,43,-2.8514913853442795e-73,-6.912986949691089e-73
44,0,3.224763104958748e-09,0.0
44,1,1.7397226988628234e-09,-6.495084455074029e-10
44,2,-4.210837721579847e-12,2.3193207577879878e-11
44,3,-6.684451523282254e-14,-6.345077407458884e-13
44,4,5.188594832610136e-15,-4.3104618465327125e-15
44,5,3.864756364068161e-17,3.115991905682922e-16
44,6,-1.2556111271037446e-17,4.3402054020164065e-18
44,7,2.0848586978608032e-19,3.795719303910553e-19
44,8,-4.1708113513470215e-21,-1.1389844734596154e-21
44,9,-1.408396378291003e-23,-1.2850737371349903e-22
44,10,-1.7348418743249566e-24,-2.9062127449378354e-24
44,11,-1.3836232240228035e-26,-1.450526500806273e-26
44,12,-9.596176786489137e-28,-3.279130203302655e-28
44,13,7.90195135752397e-30,-3.829653960172254e-29
44,14,-8.599025070314691e-31,-4.100804440362319e-31
44,15,5.823535146596461e-33,-2.0775090528540712e-32
44,16,3.6008207637965177e-34,5.122531735157596e-34
44,17,9.031020658121875e-36,3.057943163694088e-36
44,18,2.8035732319899292e-37,-1.8473585562956372e-37
44,19,3.1725768994459553e-41,-5.639419059648985e-39
44,20,-6.215654864443225e-41,1.1166172166049788e-41
44,21,-5.459125606428978e-42,3.020131027890834e-44
44,22,1.0238916328897385e-43,2.5029289650929597e-44
44,23,7.283782928935551e-46,4.138488017192451e-45
44,24,-2.377592250098128e-48,-1.0717203527542012e-46
44,25,1.4900335118007706e-48,4.2284444535413224e-50
44,26,-4.0861271195268333e-50,1.0030823973041502e-50
44,27,1.0058227481795854e-51,-8.139163135228236e-52
44,28,-1.391553038309387e-54,4.1580667001732826e-53
44,29,-1.564300177532882e-54,1.188929212962353e-54
44,30,3.2404082646288604e-56,1.364709680934738e-56
44,31,-1.042445566990211e-58,5.692513793694858e-58
44,32,-2.7340578552417953e-59,1.140133371733969e-59
44,33,-1.1617718615457638e-60,-6.983091211306133e-62
44,34,-2.578756032685493e-62,4.49509074420073e-62
44,35,-2.0203939371637126e-63,-7.826243342527653e-64
44,36,2.539779627975197e-65,-7.838536999286318e-65
44,37,4.283219519935189e-66,2.6509491682582587e-66
44,38,5.767229572467148e-68,-1.007136685154792e-67
44,39,4.6100755136014526e-69,2.3851409252931185e-69
44,40,-1.3847111305163496e-70,2.369561645544054e-70
44,41,6.250837826844542e-72,-2.7525239471499713e-72
44,42,-8.996509310635344e-74,-1.0778998781570584e-73
44,43,1.985778278890085e-74,-2.7708213037728035e-74
44,44,2.7661177189290446e-75,-1.6695337389057206e-75
45,0,-3.1026775214767296e-08,0.0
45,1,1.0120496551429602e-09,-1.3644179321776888e-09
45,2,1.3410767528204483e-11,-2.1551534755888445e-11
45,3,-1.926612375312494e-13,-8.528294807676695e-13
45,4,1.0753956615431615e-15,-8.230067111476358e-15
45,5,7.866871681456499e-17,-1.0186223025930886e-16
45,6,-9.626403115774906e-18,-1.3101740954847398e-18
45,7,1.8054408833357838e-20,1.1835768093985126e-19
45,8,-1.5449988935882848e-21,7.346419439465933e-22
45,9,1.4312058582446806e-22,-1.107243550603313e-22
45,10,-6.913066276088622e-25,-5.845048812390725e-25
45,11,3.728591745255805e-27,-2.484840132034972e-26
45,12,-7.766518107429526e-28,-3.1072004949885862e-28
45,13,-1.1425486505428855e-29,-4.392330249549487e-30
45,14,1.4954296930146632e-31,-3.7444401018549706e-31
45,15,-9.257109982381503e-33,-5.560020810342551e-34
45,16,3.51123462257969e-34,6.275165771757172e-35
45,17,3.7354691355132444e-36,-2.2387506411010014e-36
45,18,3.8098889032766963e-38,-1.654751440800011e-37
45,19,-3.622920094119296e-39,-1.7631912653326967e-39
45,20,9.270123941471556e-41,6.14310712544198e-41
45,21,-1.5264134999702144e-42,-4.784331078095491e-43
45,22,3.5792472226685814e-44,5.142928550236317e-44
45,23,8.189879067427682e-46,1.1906216204495603e-45
45,24,-7.834163524934023e-47,3.351794377680923e-47
45,25,1.700662848554508e-48,-7.509787100208499e-49
45,26,-6.903304874629801e-51,3.177920817293078e-50
45,27,-9.023148864287457e-52,3.733853857761046e-53
45,28,2.3059852096577996e-53,-4.868311741887515e-55
45,29,-8.657543951681453e-55,-3.391551493917395e-55
45,30,-5.521125812579592e-57,-2.7084125103004785e-57
45,31,-9.743503004309917e-59,-5.592473827712811e-58
45,32,-1.6259182949319782e-60,-8.106585515506396e-60
45,33,-1.699049795083548e-61,-2.0926781453179157e-61
45,34,-7.068858003649789e-63,1.5626402977869887e-62
45,35,-6.609534874349841e-64,7.971621047732403e-64
45,36,-3.0087653238954485e-65,2.4487590370361573e-65
45,37,-7.464244457289283e-67,5.441589124203795e-67
45,38,-2.1903362950341344e-68,1.9479181308144654e-68
45,39,-4.006924128018127e-70,-1.5071473852121615e-69
45,40,3.046237512022624e-71,-3.2796031292852684e-71
45,41,4.1369822910846274e-73,2.977539880312363e-73
45,42,-3.3726764864851268e-74,-2.5020243416713795e-73
45,43,6.065422805747469e-75,1.4777051380138392e-75
45,44,1.185086305603148e-75,3.265057617081121e-76
45,45,-5.546933726321712e-78,5.7577732917227875e-78
46,0,-2.997124662370073e-08,0.0
46,1,5.165396238939151e-10,-6.711579190692433e-11
46,2,3.226036071448797e-11,1.987438473106523e-11
46,3,-2.329965622156639e-13,-2.0052090975202258e-14
46,4,3.215598900317206e-15,-2.0688240042482807e-14
46,5,-2.0440901421135357e-16,-6.645408239702875e-16
46,6,-6.145628045677789e-18,-3.2717831283787673e-18
46,7,1.6370242085273852e-19,-2.601275551507437e-19
46,8,-1.2632968021779841e-23,2.783718589356722e-21
46,9,1.2138451757568814e-22,7.387918302006488e-23
46,10,9.392299593941756e-25,-4.104955003830609e-25
46,11,-1.883910891413751e-26,-2.847666729239298e-26
46,12,-3.5160993844637225e-28,-1.568175177412399e-29
46,13,-1.8137546853454328e-29,-1.1700291604932328e-29
46,14,1.874832750934076e-32,-5.5270009519284735e-33
46,15,-9.175115627028001e-33,-1.3601845759614301e-33
46,16,8.22156717677467e-35,1.8524806287230355e-34
46,17,-4.369721870762807e-36,6.781704116067047e-37
46,18,6.345332822817712e-38,-9.771955426867415e-38
46,19,-4.10337402922969e-40,-1.3149127144574103e-39
46,20,-3.387143692049106e-41,-4.617023406587889e-41
46,21,-1.6229708622875953e-42,8.716889692895173e-43
46,22,4.707097670174007e-44,1.0571295806127406e-44
46,23,4.852586083991912e-46,5.785919257490756e-46
46,24,-1.419135853057428e-47,2.5730305722740347e-48
46,25,4.053122976721535e-49,-7.681736200856088e-49
46,26,1.1592581406223616e-50,3.18428777515953e-50
46,27,-1.8354932642185298e-52,-1.8910138403265271e-53
46,28,-1.2508698765704873e-54,-9.487664112019341e-54
46,29,-1.2869771906259897e-55,-1.6573331005734545e-55
46,30,-7.180446287214827e-57,-1.0189739498014122e-56
46,31,-7.650835360955263e-59,-5.1922761407602825e-59
46,32,-1.571913316947769e-61,-4.438097194136203e-60
46,33,5.664915055409263e-61,1.4502758162553764e-62
46,34,-1.8186843932243267e-63,3.4212900252307357e-63
46,35,-2.107684207279738e-64,4.9854995187462345e-65
46,36,-1.23818336063707e-66,-2.368751808617237e-66
46,37,-1.7123916198349784e-67,2.5156019902415306e-67
46,38,-8.454282453418102e-69,-2.9767394478498744e-69
46,39,4.1478527690981335e-70,-1.2083680339062485e-71
46,40,3.831891617472517e-73,-2.5403091070624534e-72
46,41,-1.6525566155009037e-74,-6.410756363310812e-73
46,42,5.608217639598947e-75,3.351776549334116e-74
46,43,-7.01643748586775e-76,3.1367004309869e-75
46,44,4.481545587775046e-77,-4.811787487427382e-77
46,45,-1.16867320245489e-78,5.834726475760545e-78
46,46,3.400100018281294e-80,-3.177283442236478e-79
47,0,9.126675503213567e-09,0.0
47,1,-2.0096983405070297e-09,-3.7473501846376434e-10
47,2,2.6614971018082216e-11,-1.6702802173492884e-11
47,3,1.4139303303447544e-13,3.1133001261745637e-13
47,4,1.5258437785636137e-15,-4.73148507454639e-15
47,5,-1.0199996222429559e-16,-1.3389130046692485e-16
47,6,3.708164245798116e-18,-5.080343347920063e-18
47,7,1.1183765991243003e-20,-6.300039554970395e-20
47,8,3.5641101435687964e-21,-3.729335698496128e-22
47,9,-1.009968556628136e-23,3.803315607981324e-23
47,10,1.0159321134723632e-24,9.83782537402742e-25
47,11,2.4572231900278864e-27,-2.0449093780418977e-26
47,12,1.2812751452568532e-27,2.334433634765388e-28
47,13,-6.33738623649497e-30,-1.8807994484813516e-30
47,14,6.040029267421269e-32,2.7033293294088207e-32
47,15,-2.5920783867107004e-33,7.220890949673956e-34
47,16,-2.0773688608793802e-35,-3.931154569831987e-35
47,17,-1.3112518378091154e-36,1.5749246390307158e-36
47,18,-2.7210155745921216e-38,1.1127876810903675e-37
47,19,7.71906669680053e-40,1.1779451649740204e-39
47,20,-7.724975900884715e-41,1.1776887077916804e-41
47,21,-9.973003083752996e-43,-1.3965500504780738e-43
47,22,-3.1712460397313103e-44,-2.070671328871125e-45
47,23,3.2196689935246425e-46,6.618859924381121e-47
47,24,-1.3941192132108592e-48,-3.600425450160681e-48
47,25,-1.290502977448734e-49,-5.387390766351818e-49
47,26,1.2184617875064532e-50,1.9565677560138755e-51
47,27,-2.186387784337193e-52,-5.564621790154051e-53
47,28,1.671883889097732e-54,-5.788874033359668e-54
47,29,1.3715164863524847e-55,1.6161145788508736e-56
47,30,-2.089864081497086e-57,1.7674378188712677e-57
47,31,1.411124100947847e-59,3.1977578045521925e-59
47,32,-8.309408587611337e-61,-3.1814458084664325e-61
47,33,-7.446151624007015e-62,4.827147067188486e-62
47,34,4.27541322414437e-64,1.3257226147006224e-63
47,35,-1.1549341177190747e-64,-9.705545856204064e-67
47,36,3.177441568844461e-66,-1.9661096131136223e-66
47,37,1.163365477179363e-67,1.507108450274159e-68
47,38,2.196610015769646e-70,7.957018335695156e-70
47,39,-2.3074519361016388e-71,1.5718224332520935e-70
47,40,-5.878114156078444e-72,5.325306835016759e-72
47,41,-9.132017913358097e-74,1.2344287362584197e-73
47,42,-2.2306360666337448e-75,-6.936588371322886e-75
47,43,8.56915485676049e-77,2.0937668929490493e-76
47,44,-8.511099717823867e-78,2.9641284643460834e-77
47,45,1.0897712891780205e-78,5.970886887496654e-79
47,46,-8.45567470435013e-81,-5.3594247935021185e-80
47,47,3.5660573204546824e-81,-8.158777211750485e-81
48,0,3.4634040164294346e-08,0.0
48,1,4.0961811070647297e-10,9.931556143681983e-10
48,2,2.795642601361618e-11,1.7145593673709628e-11
48,3,-1.5073184686864018e-13,4.060636801001735e-13
48,4,1.0434264496920022e-15,-4.302453683408459e-16
48,5,3.4185392338649433e-16,-1.1118386164148098e-16
48,6,6.420602362318344e-18,8.779023678356432e-18
48,7,-3.652605890747451e-20,3.2162946703234496e-20
48,8,4.927513759678493e-22,1.880213446208497e-21
48,9,-1.4726512027805013e-23,3.7862593249703834e-23
48,10,-4.544627372289388e-26,3.2779761359126836e-25
48,11,4.853430423860857e-27,5.60155151006267e-27
48,12,1.0268285956507157e-29,-2.601186053348882e-28
48,13,3.437097220763228e-30,-4.704550717182643e-31
48,14,-2.6683395306827263e-32,-2.8066244770508757e-33
48,15,3.874246254676098e-33,1.528235682639048e-33
48,16,-1.0064388671069703e-35,3.2100032320559113e-35
48,17,4.2505594171232954e-37,1.5131971967177346e-36
48,18,-6.655768340497535e-39,1.0782718574439666e-38
48,19,-2.591465172292612e-40,9.708658643006857e-40
48,20,-2.323813426530686e-41,2.265028685656731e-41
48,21,1.7083109225016906e-43,-3.171085250433279e-43
48,22,-1.7094429327221293e-44,7.158663486560923e-45
48,23,-1.412791152788588e-46,-2.1156642164055874e-47
48,24,-6.754395499912061e-48,-1.4899166945512547e-48
48,25,-1.3071420747501244e-49,5.920030456991394e-50
48,26,-5.391624446647302e-52,-5.434527378537527e-51
48,27,-1.6934650085670285e-52,1.0532505958107287e-52
48,28,1.5470881744359418e-55,-3.935239899963939e-54
48,29,2.934701314185224e-56,-7.572492410408353e-56
48,30,-3.6689066443779776e-58,-3.0579039080703262e-58
48,31,-5.76976516493908e-60,-2.6900790766453738e-59
48,32,8.116779974335365e-61,-5.010096629657089e-61
48,33,1.2249127641417484e-62,1.0629614199949637e-62
48,34,7.2202190124484484e-65,1.397427872050824e-63
48,35,-2.832253286940238e-65,5.232185002388428e-66
48,36,-7.421450079237926e-67,-1.1851568163791201e-67
48,37,-8.326995308853122e-69,-2.6205104402915283e-68
48,38,-1.5242795499078637e-69,-2.07023905548375e-70
48,39,2.5578931817482213e-71,-4.4399345436550174e-71
48,40,1.6896996552126407e-73,9.556399963970304e-73
48,41,-1.9572558531236825e-74,-7.634263727533159e-74
48,42,7.285647742127708e-76,6.742480986733189e-76
48,43,5.0031319519108116e-77,6.890115779259792e-77
48,44,9.714404983875445e-80,-5.90520168977692e-80
48,45,1.861023705098932e-79,1.4879447224196002e-79
48,46,-5.870226698919638e-81,1.667747806364592e-80
48,47,5.031796576786998e-82,5.343992086944663e-82
48,48,7.79868319463712e-83,-2.9207611294759843e-83
49,0,2.0410525852282828e-09,0.0
49,1,1.8887405605803345e-09,-5.402368855282042e-10
49,2,-2.0097669737832946e-12,5.687252934193993e-12
49,3,9.225131149354581e-14,1.9598001706422684e-13
49,4,1.6599150093767088e-15,1.8864098269112705e-14
49,5,5.271228034230301e-17,7.364947139476101e-17
49,6,-8.580867824783551e-19,1.621279585117455e-18
49,7,6.415006188429271e-20,9.730003382232887e-20
49,8,1.0355491451571674e-22,1.2595960311761981e-21
49,9,6.149244476177127e-25,4.403951394111478e-23
49,10,-1.2499298753112953e-24,-2.0097447134245269e-25
49,11,2.0275318199053796e-26,1.4013934533115572e-26
49,12,-2.2253411928900795e-28,-2.2509564744088275e-28
49,13,6.013271265419423e-30,9.607523363796554e-30
49,14,1.3650810069802495e-32,-4.962490206660302e-32
49,15,-9.9992519929548e-34,4.191266743929686e-34
49,16,-7.30689308230938e-37,-9.710528065182265e-35
49,17,-4.935412660975561e-37,-3.530457928780265e-37
49,18,-1.5322191899814986e-38,-2.0779995462788934e-38
49,19,-3.16176252936531e-40,7.587966342168919e-41
49,20,1.7328422314268076e-41,-2.5684601781945264e-43
49,21,-1.5000754658684592e-43,-3.3378682884162958e-43
49,22,-1.0579242592690747e-46,6.064160427501921e-45
49,23,7.586768333069896e-47,-4.1261081487038775e-48
49,24,3.1838513939389544e-48,1.0483637693350185e-48
49,25,-1.0110004215619936e-49,1.1120015368506225e-49
49,26,-3.8097943911767486e-51,-6.3168730754807174e-52
49,27,-4.286266723835013e-53,2.7952245871999383e-53
49,28,-9.961039697133871e-55,-2.951037649793552e-54
49,29,-1.2119119894003756e-57,-1.0191299972220067e-56
49,30,5.3942666745441726e-58,6.062121652760488e-58
49,31,-2.2511785931027054e-60,-2.6719142686507517e-59
49,32,1.8503983953045374e-61,-6.538029570020997e-61
49,33,7.790179682377687e-63,-3.643148057252658e-63
49,34,3.680505544564126e-64,8.299281838149004e-65
49,35,7.395627732483046e-66,1.2791349917875143e-65
49,36,-3.066622853094917e-67,1.4884204356072652e-67
49,37,-3.542565821608589e-69,2.5044384066402456e-69
49,38,1.7571367701202762e-70,-1.2572925330914977e-70
49,39,3.74092430533646e-72,3.2297117795828426e-72
49,40,-2.1645420168956895e-73,1.041256503027932e-73
49,41,-5.401232012959679e-75,-5.514366127787035e-75
49,42,-2.4627262124978223e-76,-4.2109131599557445e-77
49,43,1.865595630044292e-77,-2.488554285441504e-77
49,44,8.261702790328749e-79,1.1308663244682012e-78
49,45,7.691325004627316e-81,-7.19852841713251e-81
49,46,8.317636695611374e-82,1.545521223690302e-82
49,47,6.481189753870818e-83,2.6678369601851303e-83
49,48,-2.2644742892219084e-84,1.238680485901373e-84
49,49,3.697426193427894e-85,4.1524634212888494e-85
50,0,-4.868292349459534e-08,0.0
50,1,9.872856125271562e-10,8.601809317430957e-11
50,2,-4.4928383983457394e-11,-9.103807050292696e-12
50,3,-1.0092485458713991e-14,-5.778292233737261e-14
50,4,-1.836656954462423e-14,7.845143173508322e-16
50,5,2.6945807966866034e-18,-1.1983166447307532e-16
50,6,-2.888235744168818e-19,2.754915858779101e-18
50,7,3.662624865866146e-20,5.3735752611024076e-20
50,8,-1.2934221733460759e-21,-7.944112949865942e-23
50,9,-1.5756622079157604e-23,1.8593141180739927e-23
50,10,-3.863011552372805e-25,-2.923531259796852e-25
50,11,-6.36184424273871e-27,4.8551334902788094e-27
50,12,-3.195170340392174e-28,2.9357871555044482e-28
50,13,-1.1265940296162347e-30,-6.644458881425295e-32
50,14,-6.030651169771804e-32,8.086983274750129e-32
50,15,-1.6610515386647143e-33,-1.4812707556704113e-34
50,16,-2.730406945314433e-35,-5.515052001107511e-35
50,17,1.4982829830718013e-37,-6.554011732843244e-37
50,18,9.057894069221276e-39,-1.7790996419095535e-38
50,19,5.83196761686463e-41,4.763682564925256e-41
50,20,3.6498222240044156e-42,-4.544990239931638e-42
50,21,-1.3224436918502013e-44,-2.0388326972994893e-44
50,22,1.09245349625423e-45,-5.705307953577622e-46
50,23,-4.3664533375419824e-47,-1.2079099655158164e-46
50,24,4.619891679240874e-48,-3.3832314966166298e-49
50,25,5.359357513944087e-50,2.9436306558277886e-50
50,26,-2.2591791661565066e-51,-4.911375689682548e-52
50,27,3.5491919581393075e-53,-1.970539934311263e-53
50,28,-1.76960891998544e-55,9.682075692917093e-55
50,29,1.7762149333792873e-56,5.27701574104377e-57
50,30,3.347071961621338e-58,5.781056981807957e-58
50,31,-5.874887340559333e-60,1.2004141474591707e-59
50,32,-1.3555321410524523e-61,5.896155389505257e-62
50,33,-4.230961252307084e-63,-3.8026377692632355e-63
50,34,-5.677608071273941e-65,-5.2143788697499596e-65
50,35,2.2241055674801375e-66,1.5884860165687557e-67
50,36,-5.137845094052316e-69,1.7559943101509448e-68
50,37,-8.823852524628765e-70,-7.908983838523916e-70
50,38,-2.5636010127622538e-71,-1.2758957341256166e-70
50,39,-3.764139866519966e-72,5.952155435465152e-72
50,40,4.861373218819451e-74,1.1788907937251284e-73
50,41,-4.658738303102473e-75,-4.2753394930298705e-75
50,42,1.395219525742882e-76,-1.0094724899614642e-76
50,43,1.0536560590303732e-80,-1.4951161381199663e-78
50,44,3.304807820651113e-80,-3.029892943410166e-80
50,45,-4.293187195571119e-81,8.60499906175839e-81
50,46,-4.0196643548607134e-82,1.5284452501267862e-82
50,47,-2.1623030297510967e-83,-4.03899968656151e-83
50,48,1.7790988023804767e-85,1.439294208911678e-85
50,49,3.235833016743655e-86,-7.050674698013899e-86
50,50,6.669058503033025e-87,3.739911366274263e-87
